timestamp,experiment,iteration,audio_duration_s,arrival_time_s,asr_start_time_s,asr_finish_time_s,queue_wait_ms,service_time_ms,e2e_latency_ms,rtf,queue_depth_at_arrival,queue_depth_at_start,cpu_percent,cpu_freq_mhz,cpu_temp_c,rss_mb,success,error
2026-09-11T16:54:52.070,exp2_0.75x,1,17.302,0.0002307760005351156,0.0003359969996381551,7.208664789999602,0.1052209991030395,7208.328792999964,7208.434013999067,0.4166182402612394,1,0,100.29320424185565,2800.0,49.05,326.8125,True,
2026-09-11T16:55:15.160,exp2_0.75x,2,17.302,23.06940052099526,23.069439890998183,30.29820974098402,0.03937000292353332,7228.769849985838,7228.8092199887615,0.41779966766765914,1,0,31.442792716531002,2800.0,48.5,328.828125,True,
2026-09-11T16:55:38.332,exp2_0.75x,3,17.302,46.139089848991716,46.13914260797901,53.47061588297947,0.05275898729451001,7331.473275000462,7331.526033987757,0.4237355955959116,1,0,31.589308968392714,2800.0,49.6,328.84375,True,
2026-09-11T16:56:01.223,exp2_0.75x,4,17.302,69.20807126199361,69.20812161298818,76.36144426499959,0.050350994570180774,7153.322652011411,7153.373003005981,0.4134390620744082,1,0,31.278883061510424,2800.0,49.05,330.890625,True,
2026-09-11T16:56:24.284,exp2_0.75x,5,17.302,92.27739186098916,92.27741267599049,99.42220733698923,0.02081500133499503,7144.794660998741,7144.815476000076,0.4129461715985864,1,0,31.091762477868205,2800.0,48.5,330.890625,True,
2026-09-11T16:56:47.410,exp2_0.75x,6,17.302,115.3467243379855,115.34674396799528,122.54805253699305,0.019630009774118662,7201.308568997774,7201.328199007548,0.416212493873412,1,0,31.177247987739364,2800.0,47.4,332.03125,True,
2026-09-11T16:57:10.527,exp2_0.75x,7,17.302,138.41606649500318,138.41610549498,145.6657001429994,0.03899997682310641,7249.594648019411,7249.633647996234,0.4190032740734835,1,0,31.404591736111986,2800.0,49.05,333.046875,True,
2026-09-11T16:57:33.591,exp2_0.75x,8,17.302,161.48539880500175,161.48548497099546,168.728749781003,0.08616599370725453,7243.264810007531,7243.350976001238,0.4186374297773397,1,0,31.522281442909932,2800.0,47.95,334.15625,True,
2026-09-11T16:57:40.783,exp2_1.00x,1,17.302,9.757399675436318e-05,0.00015781400725245476,7.189979992021108,0.06024001049809158,7189.822178013856,7189.882418024354,0.4155486173860742,1,0,100.13652810317281,2800.0,48.5,334.25,True,
2026-09-11T16:57:58.067,exp2_1.00x,2,17.302,17.30205988101079,17.302085510018514,24.47382454702165,0.02562900772318244,7171.739037003135,7171.7646660108585,0.41450346994585224,1,0,41.54166421674748,2800.0,47.95,334.8125,True,
2026-09-11T16:58:15.356,exp2_1.00x,3,17.302,34.60406002801028,34.60408302801079,41.762926245020935,0.02300000051036477,7158.843217010144,7158.8662170106545,0.41375813299099207,1,0,41.47120052561594,2800.0,49.6,334.8125,True,
2026-09-11T16:58:32.675,exp2_1.00x,4,17.302,51.90605935401982,51.90608194700326,59.08136626202031,0.02259298344142735,7175.284315017052,7175.306908000493,0.414708375622301,1,0,41.516433847451864,2800.0,49.05,334.8125,True,
2026-09-11T16:58:49.982,exp2_1.00x,5,17.302,69.20805794201442,69.20807699800935,76.38863917801064,0.019055994926020503,7180.562180001289,7180.581235996215,0.41501341925796376,1,0,41.60103293606058,2800.0,47.4,334.8125,True,
2026-09-11T16:59:07.262,exp2_1.00x,6,17.302,86.51005944801727,86.51008120700135,93.66840486999718,0.02175898407585919,7158.323662995826,7158.345421979902,0.413728104438552,1,0,41.49363148384011,2800.0,47.4,334.8125,True,
2026-09-11T16:59:24.568,exp2_1.00x,7,17.302,103.81206949299667,103.81210090001696,110.97489433700684,0.03140702028758824,7162.793436989887,7162.824844010174,0.413986443011784,1,0,41.48729254854955,2800.0,49.05,334.8125,True,
2026-09-11T16:59:41.919,exp2_1.00x,8,17.302,121.11406616101158,121.11410160502419,128.32551525702002,0.03544401261024177,7211.4136519958265,7211.449096008437,0.41679653519800175,1,0,41.669996697823315,2800.0,49.05,334.828125,True,
2026-09-11T16:59:59.199,exp2_1.00x,9,17.302,138.4160604630015,138.41608209299739,145.60541111900238,0.021629995899274945,7189.329026004998,7189.350656000897,0.41552011478470685,1,0,41.60904785524375,2800.0,49.05,334.828125,True,
2026-09-11T17:00:16.515,exp2_1.00x,10,17.302,155.71806282101898,155.7181282649981,162.92187504502363,0.06544397911056876,7203.74678002554,7203.8122240046505,0.4163534146356225,1,0,41.75210044646563,2800.0,47.95,335.140625,True,
2026-09-11T17:00:33.761,exp2_1.00x,11,17.302,173.02007100501214,173.02015818899963,180.16785539200646,0.08718398748897016,7147.697203006828,7147.784386994317,0.4131139291993312,1,0,41.51692551492367,2800.0,49.6,335.28125,True,
2026-09-11T17:00:40.974,exp2_1.25x,1,17.302,0.00010218497482128441,0.00015748097212053835,7.209887841978343,0.05529599729925394,7209.730361006223,7209.785657003522,0.4166992463880605,1,0,99.9987929968899,2800.0,49.6,335.296875,True,
2026-09-11T17:00:54.904,exp2_1.25x,2,17.302,13.841686824976932,13.841712009976618,21.1394370799826,0.02518499968573451,7297.725070005981,7297.750255005667,0.4217850577971322,1,0,52.47836204993632,2800.0,51.25,335.296875,True,
2026-09-11T17:01:08.656,exp2_1.25x,3,17.302,27.683258620993,27.683278731972678,34.89199104599538,0.020110979676246643,7208.712314022705,7208.732425002381,0.4166404065439085,1,0,52.3539243984599,2800.0,50.7,335.296875,True,
2026-09-11T17:01:22.500,exp2_1.25x,4,17.302,41.52486000399222,41.52488548497786,48.735754769993946,0.025480985641479492,7210.869285016088,7210.894766001729,0.4167650725358969,1,0,52.22568130197893,2800.0,51.25,335.296875,True,
2026-09-11T17:01:36.380,exp2_1.25x,5,17.302,55.36646109397407,55.3664810199989,62.61595774197485,0.0199260248336941,7249.476721975952,7249.496648000786,0.41899645832712706,1,0,52.3048513168271,2800.0,50.15,335.296875,True,
2026-09-11T17:01:50.155,exp2_1.25x,6,17.302,69.20806521398481,69.20810728799552,76.39060273897485,0.04207401070743799,7182.4954509793315,7182.537524990039,0.4151251561079258,1,0,52.197164964251165,2800.0,50.15,335.296875,True,
2026-09-11T17:02:04.044,exp2_1.25x,7,17.302,83.04967216899968,83.04973026097286,90.27935458597494,0.05809197318740189,7229.624325002078,7229.682416975265,0.4178490535777412,1,0,52.05654008535868,2800.0,50.7,335.296875,True,
2026-09-11T17:02:17.892,exp2_1.25x,8,17.302,96.89126626297366,96.89129978098208,104.1281439869781,0.033518008422106504,7236.844205996022,7236.877724004444,0.41826633949809394,1,0,52.35114434107807,2800.0,50.7,335.296875,True,
2026-09-11T17:02:31.700,exp2_1.25x,9,17.302,110.73286167197512,110.73288394897827,117.9360905449721,0.022277003154158592,7203.206595993834,7203.228872996988,0.41632219373447193,1,0,52.28870902926977,2800.0,51.25,335.296875,True,
2026-09-11T17:02:45.588,exp2_1.25x,10,17.302,124.57446599699324,124.57450019998942,131.8238503879984,0.03420299617573619,7249.350188008975,7249.384391005151,0.4189891450704529,1,0,52.34829789368967,2800.0,50.7,335.296875,True,
2026-09-11T17:02:59.380,exp2_1.25x,11,17.302,138.41606754399254,138.41611128498334,145.61564776598243,0.04374099080450833,7199.536480999086,7199.580221989891,0.41611007288169494,1,0,52.277431416635146,2800.0,49.6,335.5625,True,
2026-09-11T17:03:13.262,exp2_1.25x,12,17.302,152.25766063897754,152.2576822679839,159.49738168600015,0.021629006369039416,7239.699418016244,7239.721047022613,0.41843136157763516,1,0,52.22693157057601,2800.0,51.25,335.5625,True,
2026-09-11T17:03:27.050,exp2_1.25x,13,17.302,166.09926451198407,166.0992969739891,173.28585469399695,0.03246200503781438,7186.5577200078405,7186.590182012878,0.4153599422036667,1,0,52.29012443097705,2800.0,51.8,335.5625,True,
2026-09-11T17:03:40.943,exp2_1.25x,14,17.302,179.94086509899353,179.94094534000033,187.1787704579765,0.08024100679904222,7237.825117976172,7237.905358982971,0.4183230330583847,1,0,52.112756373007706,2800.0,51.8,335.546875,True,
2026-09-11T17:03:48.172,exp2_1.50x,1,17.302,9.944397606886923e-05,0.0001612219784874469,7.225404312979663,0.06177800241857767,7225.243091001175,7225.304869003594,0.4175958323315903,1,0,100.06089412617371,2800.0,50.7,335.640625,True,
2026-09-11T17:03:59.738,exp2_1.50x,2,17.302,11.534725766978227,11.534744062984828,18.791521680977894,0.018296006601303816,7256.777617993066,7256.795913999667,0.4194184266554772,1,0,62.85601387418519,2800.0,51.8,335.640625,True,
2026-09-11T17:04:11.177,exp2_1.50x,3,17.302,23.06939897398115,23.06943928799592,30.23096723697381,0.040314014768227935,7161.527948977891,7161.56826299266,0.41391330187133807,1,0,62.59032872778721,2800.0,51.25,335.640625,True,
2026-09-11T17:04:22.786,exp2_1.50x,4,17.302,34.60406672899262,34.60410950699588,41.83973742299713,0.042778003262355924,7235.627916001249,7235.6706940045115,0.41819604184494563,1,0,62.28055543194835,2800.0,50.7,335.640625,True,
2026-09-11T17:04:34.230,exp2_1.50x,5,17.302,46.13872715699836,46.13874937899527,53.28367038597935,0.022221996914595366,7144.921006984077,7144.943228980992,0.4129534739905258,1,0,62.478523515547415,2800.0,50.15,335.640625,True,
2026-09-11T17:04:45.793,exp2_1.50x,6,17.302,57.673393678996945,57.673419493978145,64.84647177899024,0.025814981199800968,7173.052285012091,7173.07809999329,0.4145793714606456,1,0,61.922684831071315,2800.0,50.15,335.640625,True,
2026-09-11T17:04:57.320,exp2_1.50x,7,17.302,69.20805901399581,69.20807725499617,76.37408498997684,0.01824100036174059,7166.007734980667,7166.025975981029,0.41417221910650026,1,0,62.3720761351142,2800.0,52.35,335.640625,True,
2026-09-11T17:05:08.868,exp2_1.50x,8,17.302,80.74273076897953,80.74278176898952,87.92141324098338,0.051000009989365935,7178.631471993867,7178.682472003857,0.41490183053946755,1,0,62.26539874833635,2800.0,50.15,335.640625,True,
2026-09-11T17:05:20.366,exp2_1.50x,9,17.302,92.27739734697388,92.27743212398491,99.4203361949767,0.03477701102383435,7142.90407099179,7142.938848002814,0.4128369015715981,1,0,62.26672118044452,2800.0,52.9,335.640625,True,
2026-09-11T17:05:31.904,exp2_1.50x,10,17.302,103.8120605959848,103.81208187298034,110.95765606898931,0.021276995539665222,7145.574196008965,7145.595473004505,0.4129912262171405,1,0,61.88604698958335,2800.0,52.35,335.640625,True,
2026-09-11T17:05:43.475,exp2_1.50x,11,17.302,115.34672519698506,115.34674838199862,122.52856505700038,0.023185013560578227,7181.816675001755,7181.839860015316,0.4150859250376694,1,0,62.225056502879504,2800.0,51.8,335.640625,True,
2026-09-11T17:05:55.021,exp2_1.50x,12,17.302,126.88139951697667,126.8814389979816,134.07460470599472,0.0394810049328953,7193.165708013112,7193.205189018045,0.4157418626755931,1,0,62.35902807412388,2800.0,50.7,335.640625,True,
2026-09-11T17:06:06.547,exp2_1.50x,13,17.302,138.41606881198823,138.41611746000126,145.6008072969853,0.04864801303483546,7184.689836984035,7184.7384849970695,0.41525198456733525,1,0,62.46642942380992,2800.0,50.7,335.640625,True,
2026-09-11T17:06:18.090,exp2_1.50x,14,17.302,149.95073491099174,149.9507756519888,157.1439547560003,0.040740997064858675,7193.179104011506,7193.219845008571,0.41574263692125224,1,0,62.37462890173447,2800.0,51.8,335.640625,True,
2026-09-11T17:06:29.592,exp2_1.50x,15,17.302,161.48540097798104,161.4854338299774,168.64544424097403,0.03285199636593461,7160.01041099662,7160.043262992986,0.4138255930526309,1,0,62.513618578816136,2800.0,50.7,335.640625,True,
2026-09-11T17:06:41.198,exp2_1.50x,16,17.302,173.02006528698257,173.02015389699955,180.25210373697337,0.0886100169736892,7231.949839973822,7232.038449990796,0.41798346087006255,1,0,62.29174441235295,2800.0,52.9,335.625,True,
2026-09-11T17:06:48.334,exp2_2.00x,1,17.302,0.00015286999405361712,0.0002617579884827137,7.131070211005863,0.10888799442909658,7130.80845301738,7130.917341011809,0.4121378137219616,1,0,99.98188622716239,2800.0,52.35,335.640625,True,
2026-09-11T17:06:57.041,exp2_2.00x,2,17.302,8.65105881699128,8.651082667987794,15.83798376499908,0.023850996512919664,7186.901097011287,7186.9249480078,0.4153797882910234,1,0,82.6927817139357,2800.0,52.35,335.640625,True,
2026-09-11T17:07:05.642,exp2_2.00x,3,17.302,17.302066750009544,17.302088119991822,24.43915409198962,0.021369982277974486,7137.065971997799,7137.087341980077,0.4124994782104843,1,0,83.01204854072022,2800.0,51.25,335.640625,True,
2026-09-11T17:07:14.298,exp2_2.00x,4,17.302,25.953056612983346,25.953075947007164,33.0952834149939,0.01933402381837368,7142.207467986736,7142.226802010555,0.4127966401564407,1,0,82.60042580095501,2800.0,52.35,335.640625,True,
2026-09-11T17:07:22.945,exp2_2.00x,5,17.302,34.60406140598934,34.6040904049878,41.74214044198743,0.02899899845942855,7138.05003699963,7138.079035998089,0.41255635400529594,1,0,82.80454354708046,2800.0,53.45,335.640625,True,
2026-09-11T17:07:31.575,exp2_2.00x,6,17.302,43.25506168100401,43.25508538400754,50.37284336000448,0.023703003535047174,7117.757975996938,7117.781679000473,0.41138353808790534,1,0,82.49620212775483,2800.0,53.45,335.640625,True,
2026-09-11T17:07:40.265,exp2_2.00x,7,17.302,51.90606247499818,51.906090789998416,59.06244682398392,0.028315000236034393,7156.356033985503,7156.384348985739,0.41361438180473376,1,0,82.51240349681127,2800.0,52.35,335.640625,True,
2026-09-11T17:07:48.904,exp2_2.00x,8,17.302,60.55706363898935,60.557091972004855,67.70116647001123,0.02833301550708711,7144.0744980063755,7144.102831021883,0.41290454849187236,1,0,82.76692440711362,2800.0,52.9,335.640625,True,
2026-09-11T17:07:57.521,exp2_2.00x,9,17.302,69.20806207798887,69.20808600398595,76.31870380998589,0.023925997084006667,7110.6178059999365,7110.6417319970205,0.4109708592070244,1,0,82.62197567415008,2800.0,52.35,335.640625,True,
2026-09-11T17:08:06.209,exp2_2.00x,10,17.302,77.85905932899914,77.85908495800686,85.00625840600696,0.02562900772318244,7147.173448000103,7147.199077007826,0.4130836578430299,1,0,82.30184087002513,2800.0,52.35,335.640625,True,
2026-09-11T17:08:14.858,exp2_2.00x,11,17.302,86.51006392700947,86.51008827899932,93.65556707099313,0.02435198985040188,7145.47879199381,7145.50314398366,0.4129857121716455,1,0,82.78126715356747,2800.0,52.35,335.640625,True,
2026-09-11T17:08:23.491,exp2_2.00x,12,17.302,95.16106433401,95.16109668600257,102.28828423199593,0.032351992558687925,7127.187545993365,7127.219897985924,0.4119285369317631,1,0,82.82447502047158,2800.0,53.45,335.640625,True,
2026-09-11T17:08:32.130,exp2_2.00x,13,17.302,103.81205792000401,103.81207779000397,110.92747614398832,0.019869999960064888,7115.398353984347,7115.418223984307,0.41124715951822605,1,0,82.41507248596542,2800.0,52.35,335.640625,True,
2026-09-11T17:08:40.824,exp2_2.00x,14,17.302,112.46305999701144,112.46308284898987,119.62167915600003,0.022851978428661823,7158.596307010157,7158.619158988586,0.4137438623864384,1,0,82.12360888647852,2800.0,53.45,335.640625,True,
2026-09-11T17:08:49.449,exp2_2.00x,15,17.302,121.11405817698687,121.11407551000593,128.2465712419944,0.01733301905915141,7132.495731988456,7132.513065007515,0.4122353330244166,1,0,82.78363024066202,2800.0,53.45,335.640625,True,
2026-09-11T17:08:58.139,exp2_2.00x,16,17.302,129.76506449500448,129.7650979209866,136.93631507499958,0.03342598211020231,7171.217154012993,7171.250579995103,0.4144733067860937,1,0,82.62618758876165,2800.0,52.9,335.640625,True,
2026-09-11T17:09:06.792,exp2_2.00x,17,17.302,138.41606020898325,138.4160831719928,145.58902695999132,0.022963009541854262,7172.94378799852,7172.966751008062,0.41457310068191655,1,0,83.09536731867773,2800.0,53.45,335.640625,True,
2026-09-11T17:09:15.427,exp2_2.00x,18,17.302,147.0670665029902,147.06710511399433,154.2240332479996,0.03861100412905216,7156.928134005284,7156.966745009413,0.4136474473474329,1,0,82.9182517545963,2800.0,53.45,335.640625,True,
2026-09-11T17:09:24.044,exp2_2.00x,19,17.302,155.718058450002,155.7180777649919,162.841549158009,0.019314989913254976,7123.471393017098,7123.490708007012,0.4117137552315974,1,0,82.73840647690574,2800.0,54.0,335.640625,True,
2026-09-11T17:09:32.700,exp2_2.00x,20,17.302,164.36906014298438,164.36908271699212,171.49720835400512,0.02257400774396956,7128.1256370129995,7128.1482110207435,0.41198275557814124,1,0,82.48942779360955,2800.0,52.35,335.640625,True,
2026-09-11T17:09:41.379,exp2_2.00x,21,17.302,173.0200577089854,173.02011170898913,180.17616565999924,0.05400000372901559,7156.053951010108,7156.107951013837,0.41359692237949996,1,0,82.61361421328188,2800.0,52.35,335.625,True,
2026-09-11T17:09:48.521,exp3_1.50x,1,17.302,9.920401498675346e-05,0.00016203700215555727,7.139419290004298,0.06283298716880381,7139.2572530021425,7139.320085989311,0.4126261272108509,1,0,100.00492930459207,2800.0,52.9,346.09375,True,
2026-09-11T17:10:00.095,exp3_1.50x,2,17.302,11.534724049008219,11.53474364100839,18.713139789004344,0.019592000171542168,7178.396147995954,7178.415739996126,0.41488822956860216,1,0,62.12361201101551,2800.0,54.0,347.03125,True,
2026-09-11T17:10:11.660,exp3_1.50x,3,17.302,23.06939690001309,23.069429919007234,30.278522656008136,0.03301899414509535,7209.092737000901,7209.125755995046,0.4166623937695585,1,0,62.34119541316067,2800.0,53.45,347.5,True,
2026-09-11T17:10:23.184,exp3_1.50x,4,17.302,34.60406514501665,34.60410597801092,41.80178850601078,0.04083299427293241,7197.682527999859,7197.723360994132,0.4160029203560201,1,0,62.56907675426399,2800.0,52.35,347.5,True,
2026-09-11T17:10:34.668,exp3_1.50x,5,17.302,46.13872724401881,46.13874844700331,53.28576346801128,0.02120298449881375,7147.015021007974,7147.0362239924725,0.4130745012719902,1,0,62.347737741228165,2800.0,52.35,347.5,True,
2026-09-11T17:10:46.287,exp3_1.50x,6,17.302,57.673397509002825,57.67343515701941,64.90497790402151,0.03764801658689976,7231.542747002095,7231.580395018682,0.4179599322044905,1,0,62.310580809821374,2800.0,53.45,347.5,True,
2026-09-11T17:10:57.760,exp3_1.50x,7,17.302,69.20806171602453,69.20808230902185,76.3781437180005,0.020592997316271067,7170.061408978654,7170.08200197597,0.4144065084370971,1,0,62.49366970500688,2800.0,52.9,347.5,True,
2026-09-11T17:11:09.408,exp3_1.50x,8,17.302,80.74272973401821,80.74276769702556,88.0259754100116,0.037963007343932986,7283.207712986041,7283.245675993385,0.42094600121292575,1,0,62.586727239391614,2800.0,51.8,347.5,True,
2026-09-11T17:11:21.075,exp3_1.50x,9,17.302,92.27740082002128,92.27743770900997,99.69271319400286,0.03688898868858814,7415.27548499289,7415.312373981578,0.4285790940349607,1,0,63.42817109518771,2800.0,52.35,347.5,True,
2026-09-11T17:11:32.575,exp3_1.50x,10,17.302,103.81207530500251,103.81212862001848,111.19340566502069,0.053315015975385904,7381.277045002207,7381.330360018183,0.4266140934575313,1,0,64.17023225013229,2800.0,52.9,347.5,True,
2026-09-11T17:11:43.967,exp3_1.50x,11,17.302,115.3467270580004,115.34675048402278,122.58507395902416,0.02342602238059044,7238.32347500138,7238.34690102376,0.41835183649297075,1,0,63.46728705823378,2800.0,51.8,347.5,True,
2026-09-11T17:11:55.420,exp3_1.50x,12,17.302,126.88139407802373,126.8814202810172,134.03843168902677,0.026202993467450142,7157.011408009566,7157.037611003034,0.4136522603172793,1,0,62.60173879934415,2800.0,52.9,347.5,True,
2026-09-11T17:12:07.041,exp3_1.50x,13,17.302,138.41605808300665,138.41608180501498,145.65934361002292,0.02372200833633542,7243.261805007933,7243.285527016269,0.4186372560980195,1,0,62.301357676755835,2800.0,52.35,347.6875,True,
2026-09-11T17:12:18.583,exp3_1.50x,14,17.302,149.95072768401587,149.95075564700528,157.20078535101493,0.0279629894066602,7250.029704009648,7250.057666999055,0.4190284189116662,1,0,62.90391696816656,2800.0,52.9,347.71875,True,
2026-09-11T17:12:30.058,exp3_1.50x,15,17.302,161.48539865700877,161.4854344530031,168.6758212230052,0.03579599433578551,7190.386770002078,7190.422565996414,0.4155812489886764,1,0,62.65772949948921,2800.0,53.45,347.71875,True,
2026-09-11T17:12:41.623,exp3_1.50x,16,17.302,173.02006405600696,173.0201448709995,180.24120605102507,0.08081499254330993,7221.061180025572,7221.141995018115,0.4173541313157769,1,0,62.51412483093644,2800.0,53.45,347.703125,True,
2026-09-11T17:12:48.765,exp3_2.00x,1,17.302,9.94809961412102e-05,0.0001628509780857712,7.139101406995906,0.063369981944561,7138.93855601782,7139.001925999764,0.41260770754929027,1,0,100.14948032677441,2800.0,52.35,355.8125,True,
2026-09-11T17:12:57.422,exp3_2.00x,2,17.302,8.651056994975079,8.651074642984895,15.79568005198962,0.01764800981618464,7144.6054090047255,7144.623057014542,0.4129352334414938,1,0,82.59637410677365,2800.0,52.9,356.734375,True,
2026-09-11T17:13:06.100,exp3_2.00x,3,17.302,17.302060122980038,17.302085770992562,24.473944207973545,0.025648012524470687,7171.858436980983,7171.884084993508,0.4145103708808799,1,0,82.62012157717513,2800.0,52.9,356.8125,True,
2026-09-11T17:13:14.739,exp3_2.00x,4,17.302,25.95305710399407,25.953074418997858,33.11303665698506,0.017315003788098693,7159.962237987202,7159.97955299099,0.41382280880749056,1,0,82.99497463814349,2800.0,53.45,356.828125,True,
2026-09-11T17:13:23.377,exp3_2.00x,5,17.302,34.60406115997466,34.60408536400064,41.75052933799452,0.024204025976359844,7146.4439739938825,7146.468178019859,0.413041496589636,1,0,82.89424994915306,2800.0,53.45,356.828125,True,
2026-09-11T17:13:32.025,exp3_2.00x,6,17.302,43.25506212399341,43.25509604997933,50.398494126973674,0.033925985917449,7143.398076994345,7143.432002980262,0.4128654535310568,1,0,82.6784259389407,2800.0,52.35,356.828125,True,
2026-09-11T17:13:40.672,exp3_2.00x,7,17.302,51.906060457986314,51.90608555098879,59.04533155099489,0.025093002477660775,7139.246000006096,7139.271093008574,0.412625476823841,1,0,82.8048554082289,2800.0,53.45,356.828125,True,
2026-09-11T17:13:49.364,exp3_2.00x,8,17.302,60.55706116199144,60.5570843280002,67.73732022297918,0.02316600875928998,7180.235894978978,7180.259060987737,0.4149945610321915,1,0,82.71987248146607,2800.0,54.0,357.078125,True,
2026-09-11T17:13:57.989,exp3_2.00x,9,17.302,69.20806323399302,69.2080950489908,76.36309563097893,0.03181499778293073,7155.0005819881335,7155.032396985916,0.41353604103503255,1,0,83.1223670460687,2800.0,54.0,357.09375,True,
2026-09-11T17:14:06.619,exp3_2.00x,10,17.302,77.85906160098966,77.8590900079871,84.99236948098405,0.02840699744410813,7133.279472996946,7133.3078799943905,0.41228063073615456,1,0,82.7422630021844,2800.0,53.45,357.09375,True,
2026-09-11T17:14:15.280,exp3_2.00x,11,17.302,86.51006805797806,86.51012027999968,93.65365533399745,0.05222202162258327,7143.535053997766,7143.587276019389,0.4128733703616788,1,0,82.55119230590226,2800.0,54.0,357.09375,True,
2026-09-11T17:14:23.942,exp3_2.00x,12,17.302,95.1610978259996,95.16112686297856,102.3158346049895,0.029036978958174586,7154.707742010942,7154.7367789899,0.4135191158253925,1,0,82.6582765609601,2800.0,52.9,357.09375,True,
2026-09-11T17:14:32.555,exp3_2.00x,13,17.302,103.81206375698093,103.81209283097996,110.92919393797638,0.02907399903051555,7117.101106996415,7117.130180995446,0.4113455731705245,1,0,82.77833468795887,2800.0,54.55,357.109375,True,
2026-09-11T17:14:41.248,exp3_2.00x,14,17.302,112.46305983199272,112.46308183198562,119.62221184399095,0.0219999928958714,7159.130012005335,7159.152011998231,0.413774708820098,1,0,82.36490221824064,2800.0,53.45,357.125,True,
2026-09-11T17:14:49.907,exp3_2.00x,15,17.302,121.1140606799745,121.11408547600149,128.28117024799576,0.024796026991680264,7167.0847719942685,7167.10956802126,0.4142344683848265,1,0,82.91998952341524,2800.0,54.0,357.140625,True,
2026-09-11T17:14:58.521,exp3_2.00x,16,17.302,129.76506109599723,129.7650846519973,136.8948548969929,0.02355600008741021,7129.770244995598,7129.793800995685,0.4120778086345855,1,0,82.89129729292024,2800.0,52.9,357.140625,True,
2026-09-11T17:15:07.192,exp3_2.00x,17,17.302,138.41606011797558,138.41608513597748,145.5653050399851,0.025018001906573772,7149.219904007623,7149.24492200953,0.41320193642397546,1,0,82.57933702585657,2800.0,52.9,357.140625,True,
2026-09-11T17:15:15.863,exp3_2.00x,18,17.302,147.06705994799268,147.0670847069996,154.2367340969795,0.0247590069193393,7169.649389979895,7169.6741489868145,0.41438269506299247,1,0,82.80061986182763,2800.0,53.45,357.140625,True,
2026-09-11T17:15:24.483,exp3_2.00x,19,17.302,155.71806015999755,155.718083714979,162.85706176099484,0.023554981453344226,7138.978046015836,7139.00160099729,0.41260998994427445,1,0,82.94337008093957,2800.0,54.0,357.15625,True,
2026-09-11T17:15:33.166,exp3_2.00x,20,17.302,164.36906056798762,164.369081826997,171.53967248197296,0.02125900937244296,7170.5906549759675,7170.61191398534,0.4144370971550091,1,0,82.6942339504833,2800.0,54.0,357.15625,True,
2026-09-11T17:15:41.833,exp3_2.00x,21,17.302,173.02006143098697,173.02011837498867,180.20640111499233,0.05694400169886649,7186.282740003662,7186.339684005361,0.4153440492430738,1,0,83.07625700989503,2800.0,54.0,357.140625,True,
2026-09-11T17:15:48.987,exp3_3.00x,1,17.302,9.592497372068465e-05,0.000172664993442595,7.150830750993919,0.07674001972191036,7150.658086000476,7150.734826020198,0.4132850587215626,1,0,99.98549588023874,2800.0,52.35,390.0625,True,
2026-09-11T17:15:56.136,exp3_3.00x,2,17.302,5.767409352993127,7.15140269199037,14.300156214972958,1383.993338997243,7148.753522982588,8532.746861979831,0.41317498109944445,1,0,100.14930052123184,2800.0,54.0,390.15625,True,
2026-09-11T17:16:03.270,exp3_3.00x,3,17.302,11.534748292993754,14.300730396993458,21.434159540978726,2765.982103999704,7133.429143985268,9899.411247984972,0.41228928123831166,1,0,100.22441478576285,2800.0,54.0,390.328125,True,
2026-09-11T17:16:10.407,exp3_3.00x,4,17.302,17.30207374499878,21.434713945986005,28.570926073996816,4132.640200987225,7136.212128010811,11268.852328998037,0.4124501287718652,1,0,100.04542242957496,2800.0,54.0,354.015625,True,
2026-09-11T17:16:17.546,exp3_3.00x,5,17.302,23.06940591399325,28.57145764498273,35.70960067099077,5502.0517309894785,7138.143026008038,12640.194756997516,0.4125617284711616,1,0,100.01839321433721,2800.0,54.0,354.125,True,
2026-09-11T17:16:24.676,exp3_3.00x,6,17.302,28.836783593986183,35.71015546398121,42.83996247799951,6873.371869995026,7129.807014018297,14003.178884013323,0.4120799337659402,1,1,100.27521022276457,2800.0,55.1,354.296875,True,
2026-09-11T17:16:31.793,exp3_3.00x,7,17.302,34.60408698898391,42.84054538299097,49.9569921179791,8236.458394007059,7116.446734988131,15352.90512899519,0.411307752571271,2,1,100.04173856581876,2800.0,53.45,354.296875,True,
2026-09-11T17:16:38.920,exp3_3.00x,8,17.302,40.37141000799602,49.957589651981834,57.08367723997799,9586.179643985815,7126.087587996153,16712.26723198197,0.41186496289424074,2,1,100.18685835498125,2800.0,54.0,354.296875,True,
2026-09-11T17:16:46.100,exp3_3.00x,9,17.302,46.138756353000645,57.084262755000964,64.26385788197513,10945.50640200032,7179.595126974164,18125.101528974483,0.41495752670062214,2,1,100.13676390917819,2800.0,54.55,354.484375,True,
2026-09-11T17:16:53.320,exp3_3.00x,10,17.302,51.90607639399241,64.26443585997913,71.48390104499413,12358.359465986723,7219.465185014997,19577.82465100172,0.41726188793289776,2,2,99.99935986573382,2800.0,55.1,354.5,True,
2026-09-11T17:17:00.460,exp3_3.00x,11,17.302,57.67341000199667,71.48447939398466,78.62380371999461,13811.069391987985,7139.324326009955,20950.39371799794,0.4126300038151633,2,2,100.14146027488634,2800.0,54.0,354.5,True,
2026-09-11T17:17:07.609,exp3_3.00x,12,17.302,63.44076399199548,78.62437640197459,85.77323617300135,15183.612409979105,7148.859771026764,22332.47218100587,0.41318112189496964,3,2,100.00800645924676,2800.0,55.1,354.5,True,
2026-09-11T17:17:14.729,exp3_3.00x,13,17.302,69.20808662299532,85.7738163920003,92.89270395599306,16565.729769004975,7118.887563992757,23684.617332997732,0.4114488246441312,3,2,100.1478849261391,2800.0,56.2,354.515625,True,
2026-09-11T17:17:21.901,exp3_3.00x,14,17.302,74.97544463397935,92.89327030399,100.06548297998961,17917.825670010643,7172.212675999617,25090.03834601026,0.4145308447578093,3,3,100.10052282710457,2800.0,54.55,354.515625,True,
2026-09-11T17:17:29.063,exp3_3.00x,15,17.302,80.74275393498829,100.06606151399319,107.22661902898108,19323.307579004904,7160.557514987886,26483.86509399279,0.4138572139052067,3,3,100.26181966646968,2800.0,56.75,354.515625,True,
2026-09-11T17:17:36.212,exp3_3.00x,16,17.302,86.51007506099995,107.22755259799305,114.37616395397345,20717.4775369931,7148.611355980393,27866.088892973494,0.4131667643035714,3,3,100.00814105424058,2800.0,54.55,354.515625,True,
2026-09-11T17:17:43.365,exp3_3.00x,17,17.302,92.2774107339792,114.37673098797677,121.52899117197376,22099.320253997575,7152.260183996987,29251.580437994562,0.4133776548374169,4,3,100.2400212919904,2800.0,55.65,354.53125,True,
2026-09-11T17:17:50.543,exp3_3.00x,18,17.302,98.04476091798279,121.52958787197713,128.70731193199754,23484.826953994343,7177.7240600204095,30662.551014014753,0.41484938504337127,4,4,100.16274445478714,2800.0,55.1,354.53125,True,
2026-09-11T17:17:57.667,exp3_3.00x,19,17.302,103.81207422399893,128.7078882069909,135.8310381170013,24895.813982991967,7123.149910010397,32018.963893002365,0.4116951745468962,4,4,100.08817830300987,2800.0,55.65,354.53125,True,
2026-09-11T17:18:04.850,exp3_3.00x,20,17.302,109.57941202097572,135.83159365097526,143.01386893799645,26252.18162999954,7182.275287021184,33434.456917020725,0.41511243133864206,4,4,99.96056536197491,2800.0,55.65,354.53125,True,
2026-09-11T17:18:12.033,exp3_3.00x,21,17.302,115.34674016098143,143.014432639,150.19683556898963,27667.69247801858,7182.402929989621,34850.0954080082,0.41511980869203685,4,4,100.37623942294185,2800.0,54.0,354.546875,True,
2026-09-11T17:18:19.204,exp3_3.00x,22,17.302,121.11408075600048,150.19741443698877,157.3681993339851,29083.33368098829,7170.784896996338,36254.11857798463,0.4144483237195895,5,5,99.98115797213553,2800.0,55.1,354.546875,True,
2026-09-11T17:18:26.381,exp3_3.00x,23,17.302,126.88140858299448,157.3687494789774,164.54527874899213,30487.340895982925,7176.529270014726,37663.87016599765,0.414780330020502,5,5,100.17983697733602,2800.0,54.55,354.5625,True,
2026-09-11T17:18:33.547,exp3_3.00x,24,17.302,132.64874701199005,164.54586798598757,171.7113038849784,31897.120973997517,7165.435898990836,39062.55687298835,0.41413916882388374,5,5,100.05540431952133,2800.0,55.65,354.5625,True,
2026-09-11T17:18:40.668,exp3_3.00x,25,17.302,138.41611078497954,171.7118941419758,178.83230461497442,33295.78335699625,7120.410472998628,40416.19382999488,0.4115368438908004,5,5,100.12648584352482,2800.0,55.1,354.546875,True,
2026-09-11T17:18:47.821,exp3_3.00x,26,17.302,144.1834290479892,178.83287631598068,185.98517107299995,34649.44726799149,7152.294757019263,41801.74202501075,0.41337965304700397,5,6,100.23951367802003,2800.0,54.55,354.546875,True,
2026-09-11T17:18:54.951,exp3_3.00x,27,17.302,149.95073832100024,185.98576360699371,193.11544496397255,36035.02528599347,7129.6813569788355,43164.706642972305,0.4120726711928584,6,5,99.99619226302106,2800.0,55.65,354.546875,True,
2026-09-11T17:19:02.096,exp3_3.00x,28,17.302,155.7180740289914,193.1160206279892,200.26027188199805,37397.946598997805,7144.25125400885,44542.197853006655,0.41291476442080977,6,4,100.2122905698885,2800.0,55.65,354.546875,True,
2026-09-11T17:19:09.239,exp3_3.00x,29,17.302,161.485430264991,200.2608479159826,207.4026910289831,38775.417650991585,7141.843113000505,45917.26076399209,0.4127755816090917,6,3,100.24623046170572,2800.0,56.2,354.5625,True,
2026-09-11T17:19:16.373,exp3_3.00x,30,17.302,167.2527494909882,207.40326372999698,214.53751972998725,40150.51423900877,7134.255999990273,47284.770238999045,0.41233707085829807,6,2,100.07255210950287,2800.0,56.2,354.5625,True,
2026-09-11T17:19:23.545,exp3_3.00x,31,17.302,173.02007833798416,214.5380837089906,221.70912794797914,41518.00537100644,7171.044238988543,48689.04960999498,0.41446331285334315,6,1,100.11686659978074,2800.0,55.1,354.5625,True,
2026-09-11T17:19:30.679,exp3_3.00x,32,17.302,178.78740289699635,221.70972649997566,228.84350562098552,42922.323602979304,7133.779121009866,50056.10272398917,0.4123095087856818,7,0,100.21901934561748,2800.0,54.55,354.5625,True,
2026-09-11T17:27:36.420,exp2_2.10x,1,17.302,0.00023518400848843157,0.0003358320100232959,7.164056476001861,0.1006480015348643,7163.720643991837,7163.821291993372,0.4140400325969158,1,0,100.21953131628717,2800.0,46.3,327.234375,True,
2026-09-11T17:27:44.680,exp2_2.10x,2,17.302,8.23911061999388,8.239137360011227,15.423613510996802,0.026740017347037792,7184.476150985574,7184.502891002921,0.4152396342033045,1,0,87.05067142251544,2800.0,47.95,327.265625,True,
2026-09-11T17:27:52.960,exp2_2.10x,3,17.302,16.47815888299374,16.478187050000997,23.70355772599578,0.028167007258161902,7225.370675994782,7225.39884300204,0.4176032063342262,1,0,87.3194208634904,2800.0,47.4,330.5,True,
2026-09-11T17:28:01.116,exp2_2.10x,4,17.302,24.71720505799749,24.717229964997387,31.859863396995934,0.02490699989721179,7142.633431998547,7142.658338998444,0.41282125950748744,1,0,87.66217461078448,2800.0,47.95,331.515625,True,
2026-09-11T17:28:09.359,exp2_2.10x,5,17.302,32.95625551699777,32.95628561000922,40.1027489840053,0.03009301144629717,7146.463373996085,7146.493467007531,0.41304261784742136,1,0,86.86292197195986,2800.0,49.05,332.515625,True,
2026-09-11T17:28:17.604,exp2_2.10x,6,17.302,41.19529711801442,41.195317987992894,48.34727506298805,0.0208699784707278,7151.957074995153,7151.977944973623,0.4133601361111521,1,0,86.84542616744639,2800.0,48.5,332.515625,True,
2026-09-11T17:28:25.876,exp2_2.10x,7,17.302,49.434349605988245,49.43437582801562,56.619551370997215,0.026222027372568846,7185.175542981597,7185.201765008969,0.4152800568131775,1,0,86.91695805655594,2800.0,50.15,333.515625,True,
2026-09-11T17:28:34.083,exp2_2.10x,8,17.302,57.67339381799684,57.673415594996186,64.82709757299745,0.021776999346911907,7153.681978001259,7153.703755000606,0.41345982996192693,1,0,87.35841614835431,2800.0,50.7,334.515625,True,
2026-09-11T17:28:42.321,exp2_2.10x,9,17.302,65.91244940599427,65.91249501699349,73.06495524401544,0.04561099922284484,7152.4602270219475,7152.50583802117,0.4133892166814211,1,0,86.91579459592394,2800.0,50.15,334.546875,True,
2026-09-11T17:28:50.548,exp2_2.10x,10,17.302,74.15150724400883,74.15155772599974,81.29211870499421,0.05048199091106653,7140.560978994472,7140.611460985383,0.4127014783836824,1,0,86.90729456180026,2800.0,50.7,335.15625,True,
2026-09-11T17:28:58.839,exp2_2.10x,11,17.302,82.39053754199995,82.39056570798857,89.58260936601437,0.028165988624095917,7192.043658025796,7192.07182401442,0.41567701179203537,1,0,86.84649447842733,2800.0,49.6,335.15625,True,
2026-09-11T17:29:07.036,exp2_2.10x,12,17.302,90.62958832000731,90.62961743099731,97.77946042700205,0.02911098999902606,7149.842996004736,7149.872106994735,0.4132379491391016,1,0,87.47270625720952,2800.0,50.7,335.15625,True,
2026-09-11T17:29:15.334,exp2_2.10x,13,17.302,98.8686314529914,98.86865060200216,106.07748829099,0.019149010768160224,7208.837688987842,7208.85683799861,0.4166476528140008,1,0,87.00866836145745,2800.0,50.7,335.15625,True,
2026-09-11T17:29:23.544,exp2_2.10x,14,17.302,107.10767927899724,107.10770261200378,114.28769790098886,0.023333006538450718,7179.995288985083,7180.018621991621,0.4149806547789321,1,0,87.57388726856973,2800.0,50.15,335.171875,True,
2026-09-11T17:29:31.770,exp2_2.10x,15,17.302,115.34672615199815,115.34675026300829,122.51364623199333,0.024111010134220123,7166.895968985045,7166.92007999518,0.41422355617761214,1,0,87.28470947726822,2800.0,51.25,335.171875,True,
2026-09-11T17:29:40.125,exp2_2.10x,16,17.302,123.58577557699755,123.58580015099142,130.86847855101223,0.024573993869125843,7282.678400020814,7282.702974014683,0.4209154086244835,1,0,87.13511622334265,2800.0,51.25,335.234375,True,
2026-09-11T17:29:48.274,exp2_2.10x,17,17.302,131.82482203899417,131.8248411870154,139.01786351398914,0.019148021237924695,7193.022326973733,7193.0414749949705,0.41573357571227215,1,0,88.47298933437145,2800.0,52.35,335.234375,True,
2026-09-11T17:29:56.492,exp2_2.10x,18,17.302,140.06387142901076,140.06389161400148,147.23611332499422,0.020184990717098117,7172.221710992744,7172.241895983461,0.4145313669513781,1,0,87.36647042203155,2800.0,51.8,335.234375,True,
2026-09-11T17:30:04.750,exp2_2.10x,19,17.302,148.30291767799645,148.30293558500125,155.49333193700295,0.017907004803419113,7190.396352001699,7190.414259006502,0.41558180279746265,1,0,87.19659572427017,2800.0,51.25,335.234375,True,
2026-09-11T17:30:12.968,exp2_2.10x,20,17.302,156.54196486299043,156.54198782599997,163.71137766199536,0.022963009541854262,7169.389835995389,7169.412799004931,0.41436769367676507,1,0,87.36858042757854,2800.0,51.8,335.234375,True,
2026-09-11T17:30:21.207,exp2_2.10x,21,17.302,164.78101532100118,164.78104076499585,171.95064253199962,0.025443994672968984,7169.601767003769,7169.627210998442,0.41437994260800887,1,0,87.26511082229756,2800.0,52.9,335.234375,True,
2026-09-11T17:30:29.429,exp2_2.10x,22,17.302,173.020066091005,173.02015018399106,180.17319135199068,0.0840929860714823,7153.041167999618,7153.125260985689,0.41342279320307584,1,0,87.07770127442718,2800.0,51.8,335.34375,True,
2026-09-11T17:30:36.589,exp2_2.20x,1,17.302,9.211100405082107e-05,0.00015675899339839816,7.15654659899883,0.0646479893475771,7156.389840005431,7156.454487994779,0.41361633568404993,1,0,100.18473956988366,2800.0,51.8,334.078125,True,
2026-09-11T17:30:44.478,exp2_2.20x,2,17.302,7.864604141999735,7.864628363982774,15.045254212978762,0.02422198303975165,7180.625848995987,7180.650070979027,0.41501709912125695,1,0,91.1433991884986,2800.0,51.25,334.078125,True,
2026-09-11T17:30:52.306,exp2_2.20x,3,17.302,15.729150679981103,15.729175679996843,22.873515757994028,0.02500001573935151,7144.340077997185,7144.365078012925,0.4129198981618995,1,0,91.33564685593558,2800.0,52.9,334.078125,True,
2026-09-11T17:31:00.169,exp2_2.20x,4,17.302,23.593694615003187,23.59371400400414,30.736174671998015,0.01938900095410645,7142.460667993873,7142.4800569948275,0.41281127430319464,1,0,91.06337016789226,2800.0,53.45,334.1875,True,
2026-09-11T17:31:08.049,exp2_2.20x,5,17.302,31.45824682098464,31.458281857980182,38.615980647999095,0.03503699554130435,7157.698790018912,7157.733827014454,0.4136919887885165,1,0,90.9922748308873,2800.0,51.25,334.25,True,
2026-09-11T17:31:15.945,exp2_2.20x,6,17.302,39.32285768899601,39.322944429994095,46.512680059997365,0.08674099808558822,7189.73563000327,7189.822371001355,0.4155436151891845,1,0,90.92330757050856,2800.0,52.9,334.25,True,
2026-09-11T17:31:23.844,exp2_2.20x,7,17.302,47.18733389000408,47.18735622300301,54.411589833995095,0.022332998923957348,7224.233610992087,7224.255943991011,0.4175374876310304,1,0,91.40545792470618,2800.0,54.0,334.25,True,
2026-09-11T17:31:31.671,exp2_2.20x,8,17.302,55.05187999899499,55.05190642498201,62.238174174999585,0.026425987016409636,7186.267750017578,7186.294176004594,0.41534318287004846,1,0,91.73879570808155,2800.0,52.9,335.109375,True,
2026-09-11T17:31:39.501,exp2_2.20x,9,17.302,62.916429092991166,62.91644774097949,70.06851330498466,0.018647988326847553,7152.06556400517,7152.084211993497,0.4133664064273015,1,0,91.43907327536871,2800.0,54.0,335.109375,True,
2026-09-11T17:31:47.362,exp2_2.20x,10,17.302,70.7809745449922,70.78100998900481,77.92951323799207,0.03544401261024177,7148.503248987254,7148.538692999864,0.41316051606676996,1,0,91.08257140515076,2800.0,52.9,335.109375,True,
2026-09-11T17:31:55.232,exp2_2.20x,11,17.302,78.64551698698779,78.64554559800308,85.79901361197699,0.028611015295609832,7153.468013973907,7153.496624989202,0.41344746352871964,1,0,91.11126576800841,2800.0,54.0,335.109375,True,
2026-09-11T17:32:03.091,exp2_2.20x,12,17.302,86.5100637539872,86.5100899389945,93.65821675999905,0.02618500730022788,7148.126821004553,7148.153006011853,0.41313875973902164,1,0,91.10335343764801,2800.0,54.0,335.109375,True,
2026-09-11T17:32:10.977,exp2_2.20x,13,17.302,94.37460879399441,94.37463509000372,101.54447433899622,0.026296009309589863,7169.839248992503,7169.865545001812,0.41439366830380897,1,0,90.91751575920755,2800.0,54.0,335.109375,True,
2026-09-11T17:32:18.826,exp2_2.20x,14,17.302,102.23915120199672,102.23917049798183,109.39362402199185,0.01929598511196673,7154.453524010023,7154.472819995135,0.41350442284186933,1,0,91.34762658834185,2800.0,53.45,335.109375,True,
2026-09-11T17:32:26.729,exp2_2.20x,15,17.302,110.10370334898471,110.1037499049853,117.29594316799194,0.04655600059777498,7192.193263006629,7192.239819007227,0.41568565847917177,1,0,91.11240956273026,2800.0,52.9,335.109375,True,
2026-09-11T17:32:34.552,exp2_2.20x,16,17.302,117.96824360999744,117.96826647999114,125.1190054579929,0.02286999369971454,7150.738978001755,7150.761847995454,0.41328973401929,1,0,91.52440834417531,2800.0,52.9,335.125,True,
2026-09-11T17:32:42.416,exp2_2.20x,17,17.302,125.83278720799717,125.83281113300472,132.9832792239904,0.023925007553771138,7150.468090985669,7150.492015993223,0.413274077620256,1,0,91.17166367067206,2800.0,53.45,335.125,True,
2026-09-11T17:32:50.277,exp2_2.20x,18,17.302,133.6973347189778,133.6973616819887,140.8441528629919,0.026963010895997286,7146.791181003209,7146.818144014105,0.41306156403902494,1,0,90.95671955947772,2800.0,54.0,335.125,True,
2026-09-11T17:32:58.153,exp2_2.20x,19,17.302,141.56188107200433,141.56190890498692,148.72000423099962,0.02783298259600997,7158.095326012699,7158.123158995295,0.4137149072946884,1,0,91.03787817988427,2800.0,54.55,335.125,True,
2026-09-11T17:33:06.117,exp2_2.20x,20,17.302,149.42642775000422,149.42646510197665,156.68381218999275,0.03735197242349386,7257.347088016104,7257.384439988527,0.4194513401928161,1,0,91.28812147224302,2800.0,54.55,335.125,True,
2026-09-11T17:33:13.879,exp2_2.20x,21,17.302,157.29097051499411,157.2909897179925,164.4464367729961,0.019202998373657465,7155.447055003606,7155.466258001979,0.41356184574058524,1,0,92.36549637738553,2800.0,54.0,335.125,True,
2026-09-11T17:33:21.757,exp2_2.20x,22,17.302,165.15551394197973,165.1555382939987,172.3246650819783,0.024352018954232335,7169.126787979621,7169.151139998576,0.41435249034675886,1,0,91.01045517392028,2800.0,53.45,335.125,True,
2026-09-11T17:33:29.651,exp2_2.20x,23,17.302,173.0200609419844,173.0201186449849,180.21816273598233,0.057703000493347645,7198.044090997428,7198.101793997921,0.41602381753539636,1,0,91.46772520364962,2800.0,53.45,335.703125,True,
2026-09-11T17:33:36.796,exp2_2.30x,1,17.302,9.56110015977174e-05,0.00014744399231858552,7.14208593100193,0.05183299072086811,7141.938487009611,7141.990320000332,0.4127810939203336,1,0,100.10793086851743,2800.0,54.55,335.71875,True,
2026-09-11T17:33:44.309,exp2_2.30x,2,17.302,7.522669921978377,7.5226902369759046,14.654710784001509,0.020314997527748346,7132.020547025604,7132.040862023132,0.41220786886057126,1,0,95.03991193395483,2800.0,53.45,335.71875,True,
2026-09-11T17:33:51.841,exp2_2.30x,3,17.302,15.045276672986802,15.045296525000595,22.187234479992185,0.019852013792842627,7141.93795499159,7141.957807005383,0.4127810631714016,1,0,95.0539932528164,2800.0,54.0,335.71875,True,
2026-09-11T17:33:59.364,exp2_2.30x,4,17.302,22.567886014992837,22.567904718976934,29.71014873299282,0.01870398409664631,7142.244014015887,7142.262717999984,0.4127987523994849,1,0,95.04349066849419,2800.0,54.0,335.71875,True,
2026-09-11T17:34:06.884,exp2_2.30x,5,17.302,30.09049639297882,30.090517614997225,37.22959468598128,0.021222018403932452,7139.077070984058,7139.098293002462,0.4126157132692208,1,0,94.95387264955767,2800.0,54.55,335.71875,True,
2026-09-11T17:34:14.417,exp2_2.30x,6,17.302,37.61311580898473,37.613164030975895,44.7625538269931,0.04822199116460979,7149.3897960172035,7149.438018008368,0.413211755636181,1,0,95.18157226460713,2800.0,55.1,335.71875,True,
2026-09-11T17:34:21.919,exp2_2.30x,7,17.302,45.135713727999246,45.135735060990555,52.26504379999824,0.021332991309463978,7129.3087390076835,7129.330071998993,0.4120511350715341,1,0,95.16851437255944,2800.0,53.45,335.71875,True,
2026-09-11T17:34:29.468,exp2_2.30x,8,17.302,52.65832263199263,52.65834385398193,59.81384821899701,0.021221989300101995,7155.5043650150765,7155.525587004377,0.41356515807508243,1,0,94.84941928688914,2800.0,54.55,335.71875,True,
2026-09-11T17:34:36.975,exp2_2.30x,9,17.302,60.180932374991244,60.180958559998544,67.32067187299253,0.02618500730022788,7139.71331299399,7139.7394980012905,0.41265248601283033,1,0,95.24676053024113,2800.0,53.45,335.71875,True,
2026-09-11T17:34:44.506,exp2_2.30x,10,17.302,67.70354162500007,67.70356758797425,74.8524850620015,0.02596297417767346,7148.917474027257,7148.943437001435,0.41318445694296946,1,0,95.06343850054866,2800.0,54.0,335.71875,True,
2026-09-11T17:34:52.056,exp2_2.30x,11,17.302,75.2261503849877,75.22617843997432,82.4018145959999,0.028054986614733934,7175.6361560255755,7175.66421101219,0.4147287109019521,1,0,95.24006796065558,2800.0,55.1,335.71875,True,
2026-09-11T17:34:59.589,exp2_2.30x,12,17.302,82.74876132098143,82.74879493197659,89.93547976098489,0.03361099516041577,7186.6848290083,7186.71844000346,0.41536728869542827,1,0,95.43850925576619,2800.0,54.0,335.71875,True,
2026-09-11T17:35:07.096,exp2_2.30x,13,17.302,90.27136915799929,90.27141360199312,97.44240342199919,0.04444399382919073,7170.989820006071,7171.0342639999,0.4144601676110317,1,0,95.64484257189929,2800.0,56.2,335.71875,True,
2026-09-11T17:35:14.628,exp2_2.30x,14,17.302,97.79398113698699,97.79403445098433,104.97431519598467,0.05331399734131992,7180.280745000346,7180.334058997687,0.414997153219301,1,0,95.59334288596,2800.0,55.1,335.71875,True,
2026-09-11T17:35:22.116,exp2_2.30x,15,17.302,105.31658337198314,105.31660727897543,112.46237735598697,0.02390699228271842,7145.770077011548,7145.793984003831,0.41300254750962595,1,0,95.61876433695733,2800.0,54.55,335.71875,True,
2026-09-11T17:35:29.702,exp2_2.30x,16,17.302,112.83919028899982,112.83920915998169,120.04788278997876,0.018870981875807047,7208.673629997065,7208.692500978941,0.4166381707315377,1,0,95.18170767856569,2800.0,54.0,335.71875,True,
2026-09-11T17:35:37.161,exp2_2.30x,17,17.302,120.36179918699781,120.36182076099794,127.50713405199349,0.02157400012947619,7145.313290995546,7145.334864995675,0.4129761467457835,1,0,95.85403560041861,2800.0,54.55,335.71875,True,
2026-09-11T17:35:44.670,exp2_2.30x,18,17.302,127.88440747399,127.88442658499116,135.01553996099392,0.01911100116558373,7131.113376002759,7131.132487003924,0.41215543729064613,1,0,95.09343359420299,2800.0,55.1,335.71875,True,
2026-09-11T17:35:52.194,exp2_2.30x,19,17.302,135.40701802200056,135.407040244987,142.540032563993,0.022222986444830894,7132.992319006007,7133.014541992452,0.412264034158248,1,0,94.89014581928748,2800.0,55.65,335.71875,True,
2026-09-11T17:35:59.715,exp2_2.30x,20,17.302,142.92962651798734,142.92965062899748,150.06053516999236,0.024111010134220123,7130.884540994884,7130.908652005019,0.4121422113625526,1,0,95.07346053773766,2800.0,54.0,335.71875,True,
2026-09-11T17:36:07.296,exp2_2.30x,21,17.302,150.45223409097525,150.45225927597494,157.64158320697607,0.02518499968573451,7189.323931001127,7189.3491160008125,0.4155198203098559,1,0,94.97358784127829,2800.0,54.55,335.71875,True,
2026-09-11T17:36:14.764,exp2_2.30x,22,17.302,157.9748516889813,157.9749002069875,165.10976934499922,0.04851800622418523,7134.869138011709,7134.917656017933,0.4123725082656172,1,0,95.60557597293527,2800.0,54.55,335.71875,True,
2026-09-11T17:36:22.287,exp2_2.30x,23,17.302,165.49745197899756,165.49747223799932,172.6331895509793,0.02025900175794959,7135.717312979978,7135.7375719817355,0.4124215300531718,1,0,95.03655596417174,2800.0,54.55,335.71875,True,
2026-09-11T17:36:29.891,exp2_2.30x,24,17.302,173.02006118398276,173.02011607200257,180.23692736498197,0.05488801980391145,7216.811292979401,7216.8661809992045,0.4171085015015259,1,0,95.08482545078323,2800.0,55.1,335.703125,True,
2026-09-11T17:36:37.047,exp2_2.40x,1,17.302,0.00010174000635743141,0.00015501701273024082,7.152582456998061,0.05327700637280941,7152.427439985331,7152.480716991704,0.41338732169606585,1,0,100.24065065196282,2800.0,54.55,380.109375,True,
2026-09-11T17:36:44.268,exp2_2.40x,2,17.302,7.209230990003562,7.209258729999419,14.374388874013675,0.027739995857700706,7165.130144014256,7165.157884010114,0.41412149716878144,1,0,99.28257670629051,2800.0,54.55,381.625,True,
2026-09-11T17:36:51.478,exp2_2.40x,3,17.302,14.418396850000136,14.418429183016997,21.584262103016954,0.032333016861230135,7165.832919999957,7165.865253016818,0.4141621153623834,1,0,99.58573460658002,2800.0,54.0,381.625,True,
2026-09-11T17:36:58.675,exp2_2.40x,4,17.302,21.62756489601452,21.62759561801795,28.78052585601108,0.030722003430128098,7152.930237993132,7152.960959996562,0.4134163818051747,1,0,99.49606732936603,2800.0,54.55,344.734375,True,
2026-09-11T17:37:05.872,exp2_2.40x,5,17.302,28.836729369999375,28.83675498102093,35.97820655000396,0.02561102155596018,7141.45156898303,7141.4771800045855,0.4127529516231089,1,0,99.3374221036458,2800.0,55.65,344.734375,True,
2026-09-11T17:37:13.073,exp2_2.40x,6,17.302,36.04589582901099,36.045923680998385,43.1786993650021,0.027851987397298217,7132.775684003718,7132.8035359911155,0.4122515133512726,1,0,99.29879821735139,2800.0,54.55,344.734375,True,
2026-09-11T17:37:20.306,exp2_2.40x,7,17.302,43.25506430902169,43.25509634599439,50.41168250600458,0.03203697269782424,7156.5861600101925,7156.61819698289,0.4136276823494505,1,0,98.99110348087157,2800.0,53.45,344.734375,True,
2026-09-11T17:37:27.541,exp2_2.40x,8,17.302,50.46423855400644,50.46426675701514,57.647387585020624,0.028203008696436882,7183.120828005485,7183.149031014182,0.41516130089038755,1,0,99.50684498837977,2800.0,55.1,344.734375,True,
2026-09-11T17:37:34.726,exp2_2.40x,9,17.302,57.67339937802171,57.673425397020765,64.8318826360046,0.02601899905130267,7158.457238983829,7158.48325798288,0.4137358247014119,1,0,99.6587040554759,2800.0,56.2,344.984375,True,
2026-09-11T17:37:41.922,exp2_2.40x,10,17.302,64.8825639130082,64.88259470902267,72.02831430902006,0.03079601447097957,7145.719599997392,7145.750396011863,0.4129996301004157,1,0,99.49376311592002,2800.0,54.0,344.984375,True,
2026-09-11T17:37:49.159,exp2_2.40x,11,17.302,72.09173023301992,72.09175578900613,79.26498984999489,0.025555986212566495,7173.2340609887615,7173.259616974974,0.4145898775279599,1,0,99.3549021761089,2800.0,56.2,344.984375,True,
2026-09-11T17:37:56.361,exp2_2.40x,12,17.302,79.30333149601938,79.3033708470175,86.46711105300346,0.03935099812224507,7163.74020598596,7163.779556984082,0.4140411632173136,1,0,99.55405631065221,2800.0,54.55,344.984375,True,
2026-09-11T17:38:03.555,exp2_2.40x,13,17.302,86.51006265901378,86.51009347400395,93.66048658301588,0.03081499016843736,7150.3931090119295,7150.423924002098,0.41326974390312854,1,0,99.6750747429648,2800.0,55.65,344.984375,True,
2026-09-11T17:38:10.795,exp2_2.40x,14,17.302,93.71922767499927,93.71924939702149,100.90080947201932,0.021722022211179137,7181.560074997833,7181.581797020044,0.4150710943820271,1,0,99.30499497400386,2800.0,55.1,344.984375,True,
2026-09-11T17:38:17.960,exp2_2.40x,15,17.302,100.92839603399625,100.9284224230214,108.06601957700332,0.026389025151729584,7137.597153981915,7137.6235430070665,0.41253017882221216,1,0,99.78769085780219,2800.0,56.2,344.984375,True,
2026-09-11T17:38:25.219,exp2_2.40x,16,17.302,108.13756253599422,108.13759214701713,115.32508479501121,0.029611022910103202,7187.492647994077,7187.522259016987,0.4154139780368788,1,0,99.1863072610067,2800.0,55.1,344.984375,True,
2026-09-11T17:38:32.401,exp2_2.40x,17,17.302,115.3467289020191,115.34675486502238,122.50714022299508,0.025963003281503916,7160.3853579727,7160.411320975982,0.4138472637829557,1,0,99.83169598548277,2800.0,56.2,344.984375,True,
2026-09-11T17:38:39.607,exp2_2.40x,18,17.302,122.55589546801639,122.55592346799676,129.7124184690183,0.027999980375170708,7156.49500102154,7156.523001001915,0.4136224136528459,1,0,99.51084135764252,2800.0,54.55,344.984375,True,
2026-09-11T17:38:46.796,exp2_2.40x,19,17.302,129.7650596780004,129.76508225200814,136.9020070230181,0.02257400774396956,7136.924771009944,7136.947345017688,0.41249131724713584,1,0,99.44936451613998,2800.0,56.2,344.984375,True,
2026-09-11T17:38:54.121,exp2_2.40x,20,17.302,136.97427753300872,136.97431369900005,144.22644993301947,0.036165991332381964,7252.136234019417,7252.17240001075,0.4191501695768939,1,0,98.98354615649481,2800.0,55.1,344.984375,True,
2026-09-11T17:39:01.280,exp2_2.40x,21,17.302,144.183410423022,144.22702957800357,151.38547234301222,43.61915498157032,7158.442765008658,7202.0619199902285,0.4137349881521592,1,0,100.15340864940255,2800.0,55.65,344.984375,True,
2026-09-11T17:39:08.433,exp2_2.40x,22,17.302,151.39256855202257,151.39259795899852,158.53883998299716,0.029406975954771042,7146.242023998639,7146.271430974593,0.41302982452887754,1,0,100.0925225362765,2800.0,55.65,344.984375,True,
2026-09-11T17:39:15.661,exp2_2.40x,23,17.302,158.60173045800184,158.6017541430192,165.766561972996,0.023685017367824912,7164.80782997678,7164.831514994148,0.4141028684531719,1,0,99.20146244281469,2800.0,55.1,344.984375,True,
2026-09-11T17:39:22.852,exp2_2.40x,24,17.302,165.8108943279949,165.81092290201923,172.95809060899774,0.028574024327099323,7147.167706978507,7147.196281002834,0.41308332603043046,1,0,99.56145544163618,2800.0,54.55,344.984375,True,
2026-09-11T17:39:30.083,exp2_2.40x,25,17.302,173.02006295800675,173.0201343469962,180.18897823500447,0.0713889894541353,7168.843888008269,7168.915276997723,0.4143361396375141,1,0,99.29649441909439,2800.0,55.1,344.96875,True,
2026-09-11T17:39:37.245,exp2_2.50x,1,17.302,9.755499195307493e-05,0.0001498329802416265,7.158659123000689,0.05227798828855157,7158.509290020447,7158.561568008736,0.4137388330840624,1,0,100.15545239509504,2800.0,56.75,389.375,True,
2026-09-11T17:39:44.417,exp2_2.50x,2,17.302,6.92088016498019,7.159262397995917,14.330712836992461,238.38223301572725,7171.450438996544,7409.832672012271,0.41448678990848137,1,0,99.97128424539734,2800.0,55.65,389.375,True,
2026-09-11T17:39:51.584,exp2_2.50x,3,17.302,13.84168318999582,14.331324926984962,21.4976048200042,489.6417369891424,7166.279893019237,7655.921630008379,0.41418794896654937,1,0,100.32250974411602,2800.0,55.1,389.375,True,
2026-09-11T17:39:58.786,exp2_2.50x,4,17.302,20.762473129987484,21.498185409989674,28.699770073988475,735.7122800021898,7201.584663998801,7937.296944000991,0.41622845127723973,1,0,100.10893250032204,2800.0,55.1,389.375,True,
2026-09-11T17:40:05.953,exp2_2.50x,5,17.302,27.68327593099093,28.700340607989347,35.86632277298486,1017.064676998416,7165.982164995512,8183.046841993928,0.4141707412435275,1,0,100.18769204102048,2800.0,56.2,391.0625,True,
2026-09-11T17:40:13.110,exp2_2.50x,6,17.302,34.60410040800343,35.86691086299834,43.02354748500511,1262.8104549949057,7156.636622006772,8419.447077001678,0.4136305988906931,1,0,100.03874316110284,2800.0,54.55,391.0625,True,
2026-09-11T17:40:20.260,exp2_2.50x,7,17.302,41.527214698988246,43.02410933398642,50.173266811994836,1496.8946349981707,7149.157478008419,8646.05211300659,0.4131983284018275,1,0,100.28366392407413,2800.0,55.65,391.125,True,
2026-09-11T17:40:27.476,exp2_2.50x,8,17.302,48.44567265099613,50.17381367998314,57.39011332200607,1728.141028987011,7216.299642022932,8944.440671009943,0.41707892972043303,1,0,100.04352988228129,2800.0,55.65,391.171875,True,
2026-09-11T17:40:34.607,exp2_2.50x,9,17.302,55.366470065986505,57.390688151994254,64.5205991989933,2024.2180860077497,7129.911046999041,9154.12913300679,0.4120859465379171,1,0,100.13351125007141,2800.0,54.55,391.171875,True,
2026-09-11T17:40:41.740,exp2_2.50x,10,17.302,62.2872862709919,64.52117089999956,71.65347818599548,2233.8846290076617,7132.307285995921,9366.191915003583,0.4122244414516195,1,0,100.24016820889142,2800.0,55.65,391.171875,True,
2026-09-11T17:40:48.878,exp2_2.50x,11,17.302,69.20807235900429,71.6540131100046,78.79174884399981,2445.9407510003075,7137.735733995214,9583.676484995522,0.4125381883016538,1,0,100.02407998486566,2800.0,54.55,391.171875,True,
2026-09-11T17:40:56.035,exp2_2.50x,12,17.302,76.12886790398625,78.79232136000064,85.94910225798958,2663.4534560143948,7156.780897988938,9820.234354003333,0.41363893757883125,1,0,100.17667546879952,2800.0,55.65,391.40625,True,
2026-09-11T17:41:03.168,exp2_2.50x,13,17.302,83.04970194399357,85.94967373699183,93.08148607698968,2899.971792998258,7131.81233999785,10031.784132996108,0.41219583516344066,1,0,100.1067547826564,2800.0,55.1,391.40625,True,
2026-09-11T17:41:10.314,exp2_2.50x,14,17.302,89.97047522000503,93.08205374100362,100.22820265599876,3111.5785209985916,7146.148914995138,10257.72743599373,0.41302444312768105,1,0,100.18583163482927,2800.0,55.65,391.40625,True,
2026-09-11T17:41:17.451,exp2_2.50x,15,17.302,96.89129884398426,100.2288551160018,107.36446509300731,3337.5562720175367,7135.609977005515,10473.166249023052,0.41241532637877215,1,0,100.05247003746132,2800.0,55.1,391.40625,True,
2026-09-11T17:41:24.607,exp2_2.50x,16,17.302,103.81208007599344,107.36503160899156,114.5212081889913,3552.9515329981223,7156.176579999737,10709.12811299786,0.41360400994103214,1,0,100.1852407078608,2800.0,55.65,391.40625,True,
2026-09-11T17:41:31.779,exp2_2.50x,17,17.302,110.73287382299895,114.52177668598597,121.69297239600564,3788.9028629870154,7171.195710019674,10960.09857300669,0.41447206739219017,1,0,100.25421044593533,2800.0,55.1,391.40625,True,
2026-09-11T17:41:38.920,exp2_2.50x,18,17.302,117.653675715992,121.69355317100417,128.83408290700754,4039.8774550121743,7140.529736003373,11180.407191015547,0.4126996726391962,1,0,100.124580913054,2800.0,55.1,391.40625,True,
2026-09-11T17:41:46.062,exp2_2.50x,19,17.302,124.57447864400456,128.8346403859905,135.97607437398983,4260.161741985939,7141.433987999335,11401.595729985274,0.41275193549874784,1,0,100.11209929798318,2800.0,55.65,391.40625,True,
2026-09-11T17:41:53.198,exp2_2.50x,20,17.302,131.49527212700923,135.9766440759995,143.11128338900744,4481.371948990272,7134.639313007938,11616.01126199821,0.4123592251189422,1,0,100.20734726340748,2800.0,55.1,391.40625,True,
2026-09-11T17:42:00.338,exp2_2.50x,21,17.302,138.41609223900014,143.11184753398993,150.25218963299994,4695.7552949897945,7140.342099010013,11836.097393999808,0.4126888278239518,1,0,100.12727413045022,2800.0,55.1,391.40625,True,
2026-09-11T17:42:07.485,exp2_2.50x,22,17.302,145.3368730910006,150.25275561198941,157.3987235169916,4915.882520988816,7145.9679050021805,12061.850425990997,0.413013981331764,1,0,100.18841436023529,2800.0,56.2,391.40625,True,
2026-09-11T17:42:14.637,exp2_2.50x,23,17.302,152.25767442499637,157.39931847699336,164.55040224498953,5141.644051996991,7151.08376799617,12292.72781999316,0.41330966177298406,1,0,100.11625922273696,2800.0,55.1,391.40625,True,
2026-09-11T17:42:21.768,exp2_2.50x,24,17.302,159.1784731480002,164.5509860199818,171.68201708499691,5372.512871981598,7131.031065015122,12503.54393699672,0.4121506799800672,1,0,99.97641734402315,2800.0,56.75,391.40625,True,
2026-09-11T17:42:28.948,exp2_2.50x,25,17.302,166.09927974300808,171.68273424898507,178.86179819898098,5583.454505976988,7179.063949995907,12762.518455972895,0.4149268263782168,1,0,100.28242704269945,2800.0,56.2,391.40625,True,
2026-09-11T17:42:36.086,exp2_2.50x,26,17.302,173.02007737700478,178.86240104900207,185.99995443498483,5842.323671997292,7137.553385982756,12979.877057980048,0.4125276491725093,1,0,100.16633638668844,2800.0,56.75,391.390625,True,
2026-09-11T17:42:43.217,exp2_2.50x,27,17.302,179.94087701299577,186.00050933999592,193.1309259829868,6059.632327000145,7130.416642990895,13190.04896999104,0.4121151683615128,1,0,99.98607679146234,2800.0,55.1,391.390625,True,
2026-09-11T17:42:50.360,exp2_2.70x,1,17.302,0.00010527699487283826,0.00016764699830673635,7.138178052002331,0.06237000343389809,7138.0104050040245,7138.072775007458,0.4125540634033074,1,0,100.16274258924936,2800.0,56.2,344.734375,True,
2026-09-11T17:42:57.509,exp2_2.70x,2,17.302,6.411826689000009,7.138744808995398,14.287322702992242,726.9181199953891,7148.577893996844,7875.496013992233,0.41316483030845247,1,0,100.15182230126662,2800.0,54.55,345.75,True,
2026-09-11T17:43:04.654,exp2_2.70x,3,17.302,12.816365587990731,14.287913384992862,21.4321735620033,1471.5477970021311,7144.2601770104375,8615.807974012569,0.4129152801416274,1,0,100.21205190725604,2800.0,56.2,345.890625,True,
2026-09-11T17:43:11.812,exp2_2.70x,4,17.302,19.22452570099267,21.432741447992157,28.58989595499588,2208.2157469994854,7157.154507003725,9365.37025400321,0.41366053097929284,1,0,100.16866610926857,2800.0,55.65,346.1875,True,
2026-09-11T17:43:18.975,exp2_2.70x,5,17.302,25.632664656994166,28.590910080005415,35.75301538099302,2958.245423011249,7162.105300987605,10120.350723998854,0.4139466709621781,1,0,100.09888505006226,2800.0,55.1,346.1875,True,
2026-09-11T17:43:26.136,exp2_2.70x,6,17.302,32.04081388100167,35.753582137986086,42.914284450002015,3712.7682569844183,7160.702312015928,10873.470569000347,0.41386558270812207,1,0,99.98209437999951,2800.0,57.3,346.1875,True,
2026-09-11T17:43:33.281,exp2_2.70x,7,17.302,38.448956893989816,42.91496548298164,50.05912193300901,4466.008588991826,7144.156450027367,11610.165039019194,0.41290928505533275,1,0,100.21225586996337,2800.0,56.75,346.1875,True,
2026-09-11T17:43:40.420,exp2_2.70x,8,17.302,44.85711273099878,50.05970513398643,57.198322559008375,5202.592402987648,7138.617425021948,12341.209828009596,0.41258914720968376,1,0,100.15149598827371,2800.0,55.1,346.1875,True,
2026-09-11T17:43:47.581,exp2_2.70x,9,17.302,51.2652550060011,57.198879853007384,64.35909871698823,5933.624847006286,7160.218863980845,13093.84371098713,0.41383764096525516,1,0,100.12866511157436,2800.0,55.65,346.1875,True,
2026-09-11T17:43:54.740,exp2_2.70x,10,17.302,57.67342093898333,64.35967582601006,71.51879199699033,6686.254887026735,7159.116170980269,13845.371058007004,0.4137739088533273,1,1,100.14393689433254,2800.0,55.1,346.1875,True,
2026-09-11T17:44:01.896,exp2_2.70x,11,17.302,64.0815551810083,71.51937656899099,78.67414050799562,7437.821387982694,7154.763939004624,14592.585326987319,0.4135223638310383,2,1,100.20512713452347,2800.0,56.2,346.1875,True,
2026-09-11T17:44:09.062,exp2_2.70x,12,17.302,70.48971084100776,78.67466267198324,85.84015641800943,8184.9518309754785,7165.493746026186,15350.445577001665,0.41414251219663545,2,1,100.05538653147488,2800.0,55.65,346.1875,True,
2026-09-11T17:44:16.384,exp2_2.70x,13,17.302,76.89786027299124,85.84071410101024,93.16197109399945,8942.853828018997,7321.25699298922,16264.110821008217,0.4231451273256976,2,1,100.111718709646,2800.0,55.1,346.1875,True,
2026-09-11T17:44:23.527,exp2_2.70x,14,17.302,83.3060035870003,93.16254533198662,100.30489946098533,9856.541744986316,7142.354128998704,16998.89587398502,0.41280511669163705,2,1,100.09911579254876,2800.0,56.2,346.1875,True,
2026-09-11T17:44:30.709,exp2_2.70x,15,17.302,89.71415419198456,100.30545953198452,107.48765116400318,10591.305339999963,7182.191632018657,17773.49697201862,0.41510759634832145,2,1,100.1004018028914,2800.0,56.75,346.1875,True,
2026-09-11T17:44:37.879,exp2_2.70x,16,17.302,96.12229466100689,107.48825612399378,114.65734741900815,11365.961462986888,7169.091295014368,18535.052758001257,0.4143504389674239,2,1,100.14417208293996,2800.0,55.1,346.1875,True,
2026-09-11T17:44:45.053,exp2_2.70x,17,17.302,102.53045255100005,114.65791325000464,121.83131856899126,12127.460699004587,7173.4053189866245,19300.86601799121,0.41459977568989853,2,1,100.22340865530182,2800.0,55.1,346.1875,True,
2026-09-11T17:44:52.205,exp2_2.70x,18,17.302,108.9385973069875,121.83189889998175,128.98298753800918,12893.301592994248,7151.088638027431,20044.39023102168,0.41330994324514114,2,2,100.25624527306752,2800.0,56.75,346.1875,True,
2026-09-11T17:44:59.346,exp2_2.70x,19,17.302,115.34674392800662,128.98356825698284,136.12443684300524,13636.824328976218,7140.868586022407,20777.692914998624,0.4127192570814014,2,2,99.97979672953818,2800.0,54.55,346.203125,True,
2026-09-11T17:45:06.503,exp2_2.70x,20,17.302,121.75488600798417,136.1250029699877,143.28108343598433,14370.116962003522,7156.080465996638,21526.19742800016,0.41359845486051544,3,2,100.3263262994475,2800.0,56.75,346.203125,True,
2026-09-11T17:45:13.645,exp2_2.70x,21,17.302,128.16303602801054,143.28165009999066,150.4231438319839,15118.614071980119,7141.493731993251,22260.10780397337,0.41275538850960874,3,2,100.11115258671796,2800.0,56.75,346.203125,True,
2026-09-11T17:45:20.819,exp2_2.70x,22,17.302,134.57118371099932,150.4237081070023,157.59740125000826,15852.524396002991,7173.6931430059485,23026.21753900894,0.4146164109932926,3,2,100.07959709485993,2800.0,56.2,346.203125,True,
2026-09-11T17:45:27.998,exp2_2.70x,23,17.302,140.97933185298461,157.5980408579926,164.776058361982,16618.709005007986,7178.017503989395,23796.72650899738,0.41486634516179605,3,2,100.01916542737051,2800.0,55.65,346.203125,True,
2026-09-11T17:45:35.135,exp2_2.70x,24,17.302,147.3874811590067,164.77662267399137,171.91307098098332,17389.141514984658,7136.4483069919515,24525.58982197661,0.41246377915801363,3,2,100.18210817785751,2800.0,54.55,346.203125,True,
2026-09-11T17:45:42.296,exp2_2.70x,25,17.302,153.79563447998953,171.91360577498563,179.07464177100337,18117.971294996096,7161.035996017745,25279.00729101384,0.4138848685711331,3,2,100.1175027884139,2800.0,55.65,346.21875,True,
2026-09-11T17:45:49.463,exp2_2.70x,26,17.302,160.20378511300078,179.075210452982,186.24092673498672,18871.425339981215,7165.716282004723,26037.14162198594,0.4141553740610752,3,2,100.19131805692268,2800.0,55.65,346.21875,True,
2026-09-11T17:45:56.627,exp2_2.70x,27,17.302,166.61192365098395,186.24150612100493,193.4051387399959,19629.582470020978,7163.63261899096,26793.215089011937,0.41403494503473354,3,2,100.22049665013849,2800.0,56.2,346.21875,True,
2026-09-11T17:46:03.809,exp2_2.70x,28,17.302,173.02007011300884,193.40571525599808,200.58707509801025,20385.645142989233,7181.359842012171,27567.004985001404,0.4150595215589048,3,1,100.11225295896266,2800.0,55.1,346.21875,True,
2026-09-11T17:46:10.957,exp2_2.70x,29,17.302,179.4282156469999,200.58764903998235,207.73525063198758,21159.433392982464,7147.6015920052305,28307.034984987695,0.4131084031906849,3,0,100.02548337343391,2800.0,56.75,346.21875,True,
